[
    {"domanda": "Qual è il paese con il maggior numero di vulcani attivi?", "risposta1": "Giappone", "risposta2": "Italia", "risposta3": "Indonesia", "rispostaGiusta": "Stati Uniti"},
    {"domanda": "Qual è il lago più profondo del mondo?", "risposta1": "Lago Vittoria", "risposta2": "Lago Michigan", "risposta3": "Lago Tanganica", "rispostaGiusta": "Lago Bajkal"},
    {"domanda": "Quale catena montuosa si trova tra Europa e Asia?", "risposta1": "Alpi", "risposta2": "Caucaso", "risposta3": "Himalaya", "rispostaGiusta": "Urali"},
    {"domanda": "Qual è il fiume più lungo d'Asia?", "risposta1": "Gange", "risposta2": "Mekong", "risposta3": "Ob", "rispostaGiusta": "Fiume Azzurro (Yangtze)"},
    {"domanda": "Qual è il punto più basso sulla superficie terrestre?", "risposta1": "Mar Morto", "risposta2": "Fossa delle Marianne", "risposta3": "Depressione del Caspio", "rispostaGiusta": "Depressione del Mar Morto"},
    {"domanda": "Quale deserto si trova principalmente in Cina e Mongolia?", "risposta1": "Kalahari", "risposta2": "Sahara", "risposta3": "Atacama", "rispostaGiusta": "Gobi"},
    {"domanda": "Quale nazione possiede l'arcipelago delle Svalbard?", "risposta1": "Danimarca", "risposta2": "Russia", "risposta3": "Finlandia", "rispostaGiusta": "Norvegia"},
    {"domanda": "Qual è il paese meno popolato al mondo?", "risposta1": "Tuvalu", "risposta2": "Nauru", "risposta3": "Palau", "rispostaGiusta": "Città del Vaticano"},
    {"domanda": "Qual è il più grande arcipelago del mondo?", "risposta1": "Filippine", "risposta2": "Giappone", "risposta3": "Maldive", "rispostaGiusta": "Indonesia"},
    {"domanda": "Quale continente non ha fiumi permanenti?", "risposta1": "Australia", "risposta2": "Europa", "risposta3": "Asia", "rispostaGiusta": "Antartide"},
    {"domanda": "Qual è il nome del vento caldo che soffia dal Sahara?", "risposta1": "Bora", "risposta2": "Mistral", "risposta3": "Scirocco", "rispostaGiusta": "Scirocco"},
    {"domanda": "Qual è la capitale più alta del mondo?", "risposta1": "Quito", "risposta2": "Lhasa", "risposta3": "Bogotà", "rispostaGiusta": "La Paz"},
    {"domanda": "Quale fiume forma il confine naturale tra Stati Uniti e Messico?", "risposta1": "Mississippi", "risposta2": "Colorado", "risposta3": "Missouri", "rispostaGiusta": "Rio Grande"},
    {"domanda": "Quale mare è il più salato del mondo?", "risposta1": "Mar Rosso", "risposta2": "Mar Mediterraneo", "risposta3": "Mar Caspio", "rispostaGiusta": "Mar Morto"},
    {"domanda": "Qual è il paese più piccolo dell'Africa continentale?", "risposta1": "Mauritius", "risposta2": "São Tomé e Príncipe", "risposta3": "Capo Verde", "rispostaGiusta": "Gambia"},
    {"domanda": "Qual è il vulcano attivo più alto del mondo?", "risposta1": "Etna", "risposta2": "Kilimangiaro", "risposta3": "Vesuvio", "rispostaGiusta": "Ojos del Salado"},
    {"domanda": "Qual è il fiume che attraversa più stati negli Stati Uniti?", "risposta1": "Missouri", "risposta2": "Colorado", "risposta3": "Arkansas", "rispostaGiusta": "Mississippi"},
    {"domanda": "Quale oceano è attraversato dalla Dorsale Medio-Atlantica?", "risposta1": "Indiano", "risposta2": "Pacifico", "risposta3": "Artico", "rispostaGiusta": "Atlantico"},
    {"domanda": "Qual è la montagna più alta del continente africano?", "risposta1": "Monte Kenya", "risposta2": "Ruwenzori", "risposta3": "Monte Stanley", "rispostaGiusta": "Kilimangiaro"},
    {"domanda": "Qual è il più grande lago africano per superficie?", "risposta1": "Lago Malawi", "risposta2": "Lago Tanganica", "risposta3": "Lago Chad", "rispostaGiusta": "Lago Vittoria"},
    {"domanda": "Qual è la regione geografica più fredda del pianeta?", "risposta1": "Siberia", "risposta2": "Groenlandia", "risposta3": "Alaska", "rispostaGiusta": "Antartide"},
    {"domanda": "Qual è il più grande deserto caldo del mondo?", "risposta1": "Kalahari", "risposta2": "Atacama", "risposta3": "Rub' al Khali", "rispostaGiusta": "Sahara"},
    {"domanda": "Qual è il punto più alto delle Alpi?", "risposta1": "Monte Cervino", "risposta2": "Gran Paradiso", "risposta3": "Monte Rosa", "rispostaGiusta": "Monte Bianco"},
    {"domanda": "Quale isola è la più grande del mondo?", "risposta1": "Nuova Guinea", "risposta2": "Borneo", "risposta3": "Madagascar", "rispostaGiusta": "Groenlandia"},
    {"domanda": "Quale stato degli USA è composto da arcipelaghi?", "risposta1": "Florida", "risposta2": "Alaska", "risposta3": "California", "rispostaGiusta": "Hawaii"},
    {"domanda": "Quale paese ha il maggior numero di fiumi?", "risposta1": "India", "risposta2": "Canada", "risposta3": "Indonesia", "rispostaGiusta": "Russia"},
    {"domanda": "Qual è l'isola più popolosa del mondo?", "risposta1": "Hokkaido", "risposta2": "Luzon", "risposta3": "Nuova Guinea", "rispostaGiusta": "Giava"},
    {"domanda": "Quale città si trova a cavallo di due continenti?", "risposta1": "Atene", "risposta2": "Mosca", "risposta3": "Kiev", "rispostaGiusta": "Istanbul"},
    {"domanda": "Quale paese ha la foresta pluviale più estesa del mondo?", "risposta1": "Indonesia", "risposta2": "India", "risposta3": "Congo", "rispostaGiusta": "Brasile"},
    {"domanda": "Qual è il punto più alto del continente sudamericano?", "risposta1": "Nevado Ojos del Salado", "risposta2": "Monte Fitz Roy", "risposta3": "Monte Roraima", "rispostaGiusta": "Aconcagua"}
]
