[
    {"domanda": "Qual è la capitale dell'Australia?", "risposta1": "Sydney", "risposta2": "Melbourne", "risposta3": "Brisbane", "rispostaGiusta": "Canberra"},
    {"domanda": "Qual è il lago più grande del mondo?", "risposta1": "Lago Superiore", "risposta2": "Lago Vittoria", "risposta3": "Lago Bajkal", "rispostaGiusta": "Mar Caspio"},
    {"domanda": "In quale continente si trova il deserto di Atacama?", "risposta1": "Africa", "risposta2": "Asia", "risposta3": "Europa", "rispostaGiusta": "Sud America"},
    {"domanda": "Qual è la capitale del Canada?", "risposta1": "Toronto", "risposta2": "Vancouver", "risposta3": "Montreal", "rispostaGiusta": "Ottawa"},
    {"domanda": "Qual è il paese più popoloso del mondo?", "risposta1": "India", "risposta2": "Stati Uniti", "risposta3": "Russia", "rispostaGiusta": "Cina"},
    {"domanda": "Qual è il paese più grande del mondo per superficie?", "risposta1": "Canada", "risposta2": "Cina", "risposta3": "Stati Uniti", "rispostaGiusta": "Russia"},
    {"domanda": "Quale paese ha più isole?", "risposta1": "Filippine", "risposta2": "Indonesia", "risposta3": "Norvegia", "rispostaGiusta": "Svezia"},
    {"domanda": "Qual è la capitale della Spagna?", "risposta1": "Barcellona", "risposta2": "Valencia", "risposta3": "Siviglia", "rispostaGiusta": "Madrid"},
    {"domanda": "Qual è il punto più profondo dell'oceano?", "risposta1": "Fossa delle Marianne", "risposta2": "Fossa di Porto Rico", "risposta3": "Fossa delle Filippine", "rispostaGiusta": "Fossa delle Marianne"},
    {"domanda": "Quale mare separa l'Italia dalla Croazia?", "risposta1": "Mar Tirreno", "risposta2": "Mar Ionio", "risposta3": "Mar Egeo", "rispostaGiusta": "Mar Adriatico"},
    {"domanda": "In quale continente si trova il fiume Congo?", "risposta1": "Asia", "risposta2": "Sud America", "risposta3": "Europa", "rispostaGiusta": "Africa"},
    {"domanda": "Qual è la capitale del Brasile?", "risposta1": "San Paolo", "risposta2": "Rio de Janeiro", "risposta3": "Salvador", "rispostaGiusta": "Brasilia"},
    {"domanda": "Qual è il più grande stato degli USA per superficie?", "risposta1": "California", "risposta2": "Texas", "risposta3": "Montana", "rispostaGiusta": "Alaska"},
    {"domanda": "Quale stato europeo ha più vulcani attivi?", "risposta1": "Spagna", "risposta2": "Francia", "risposta3": "Grecia", "rispostaGiusta": "Italia"},
    {"domanda": "Quale oceano bagna le coste occidentali degli USA?", "risposta1": "Atlantico", "risposta2": "Indiano", "risposta3": "Artico", "rispostaGiusta": "Pacifico"},
    {"domanda": "Qual è il fiume più lungo d'Europa?", "risposta1": "Danubio", "risposta2": "Reno", "risposta3": "Loira", "rispostaGiusta": "Volga"},
    {"domanda": "Quale catena montuosa attraversa il Nepal?", "risposta1": "Alpi", "risposta2": "Ande", "risposta3": "Appennini", "rispostaGiusta": "Himalaya"},
    {"domanda": "Qual è il vulcano più alto del mondo?", "risposta1": "Kilauea", "risposta2": "Krakatoa", "risposta3": "Stromboli", "rispostaGiusta": "Ojos del Salado"},
    {"domanda": "Qual è il nome del deserto australiano?", "risposta1": "Deserto del Sahara", "risposta2": "Deserto di Kalahari", "risposta3": "Deserto di Atacama", "rispostaGiusta": "Deserto di Simpson"},
    {"domanda": "Quale città è famosa per il Golden Gate Bridge?", "risposta1": "Los Angeles", "risposta2": "New York", "risposta3": "Chicago", "rispostaGiusta": "San Francisco"}
]
