[
    {"domanda": "Qual è l'elemento più abbondante nell'universo?", "risposta1": "Ossigeno", "risposta2": "Elio", "risposta3": "Azoto", "rispostaGiusta": "Idrogeno"},
    {"domanda": "Quale teoria descrive la formazione dell'universo?", "risposta1": "Teoria delle stringhe", "risposta2": "Teoria della relatività", "risposta3": "Teoria dell'espansione galattica", "rispostaGiusta": "Teoria del Big Bang"},
    {"domanda": "Qual è la funzione principale dei mitocondri?", "risposta1": "Sintesi proteica", "risposta2": "Produzione di ormoni", "risposta3": "Difesa cellulare", "rispostaGiusta": "Produzione di energia (ATP)"},
    {"domanda": "Qual è la particella subatomica con carica positiva?", "risposta1": "Elettrone", "risposta2": "Neutrone", "risposta3": "Mesone", "rispostaGiusta": "Protone"},
    {"domanda": "Qual è il pianeta più grande del sistema solare?", "risposta1": "Saturno", "risposta2": "Urano", "risposta3": "Nettuno", "rispostaGiusta": "Giove"},
    {"domanda": "Qual è l'organo più grande del corpo umano?", "risposta1": "Fegato", "risposta2": "Polmoni", "risposta3": "Cuore", "rispostaGiusta": "Pelle"},
    {"domanda": "Qual è il principale gas responsabile dell'effetto serra?", "risposta1": "Metano", "risposta2": "Ossigeno", "risposta3": "Ozono", "rispostaGiusta": "Anidride carbonica"},
    {"domanda": "Quale scienziato ha scoperto la gravità?", "risposta1": "Galileo Galilei", "risposta2": "Albert Einstein", "risposta3": "Nikola Tesla", "rispostaGiusta": "Isaac Newton"},
    {"domanda": "Quale parte della cellula contiene il DNA?", "risposta1": "Ribosomi", "risposta2": "Mitocondri", "risposta3": "Citoplasma", "rispostaGiusta": "Nucleo"},
    {"domanda": "Quale è la principale componente della crosta terrestre?", "risposta1": "Calcare", "risposta2": "Marmo", "risposta3": "Quarzo", "rispostaGiusta": "Silicio"},
    {"domanda": "Quale pianeta è famoso per i suoi anelli?", "risposta1": "Giove", "risposta2": "Urano", "risposta3": "Nettuno", "rispostaGiusta": "Saturno"},
    {"domanda": "Qual è la scala utilizzata per misurare l'intensità dei terremoti?", "risposta1": "Scala Beaufort", "risposta2": "Scala Kelvin", "risposta3": "Scala Celsius", "rispostaGiusta": "Scala Richter"},
    {"domanda": "Quale tipo di onda è utilizzata nei forni a microonde?", "risposta1": "Onde radio", "risposta2": "Raggi ultravioletti", "risposta3": "Onde infrarosse", "rispostaGiusta": "Microonde"},
    {"domanda": "Quale è l'unità di misura della carica elettrica?", "risposta1": "Volt", "risposta2": "Ohm", "risposta3": "Watt", "rispostaGiusta": "Coulomb"},
    {"domanda": "Qual è il nome del processo attraverso cui le piante producono ossigeno?", "risposta1": "Respirazione", "risposta2": "Fermentazione", "risposta3": "Digestione", "rispostaGiusta": "Fotosintesi"},
    {"domanda": "Qual è il metallo più leggero?", "risposta1": "Alluminio", "risposta2": "Magnesio", "risposta3": "Calcio", "rispostaGiusta": "Litio"},
    {"domanda": "Qual è il periodo di rotazione della Terra intorno al proprio asse?", "risposta1": "12 ore", "risposta2": "30 ore", "risposta3": "48 ore", "rispostaGiusta": "24 ore"},
    {"domanda": "Quale è l'unità di misura della forza?", "risposta1": "Watt", "risposta2": "Joule", "risposta3": "Pascal", "rispostaGiusta": "Newton"},
    {"domanda": "Qual è il gas più abbondante nell'atmosfera terrestre?", "risposta1": "Ossigeno", "risposta2": "Anidride carbonica", "risposta3": "Elio", "rispostaGiusta": "Azoto"},
    {"domanda": "Quale ormone regola i livelli di zucchero nel sangue?", "risposta1": "Adrenalina", "risposta2": "Melatonina", "risposta3": "Cortisolo", "rispostaGiusta": "Insulina"},
    {"domanda": "Qual è il tempo che la luce impiega a raggiungere la Terra dal Sole?", "risposta1": "30 minuti", "risposta2": "15 secondi", "risposta3": "2 ore", "rispostaGiusta": "8 minuti"},
    {"domanda": "Quale parte dell'occhio controlla la quantità di luce che entra?", "risposta1": "Retina", "risposta2": "Cristallino", "risposta3": "Cornea", "rispostaGiusta": "Iride"},
    {"domanda": "Qual è la velocità della luce nel vuoto?", "risposta1": "100.000 km/s", "risposta2": "150.000 km/s", "risposta3": "200.000 km/s", "rispostaGiusta": "300.000 km/s"},
    {"domanda": "Qual è l'organo responsabile della produzione di insulina?", "risposta1": "Fegato", "risposta2": "Milza", "risposta3": "Rene", "rispostaGiusta": "Pancreas"},
    {"domanda": "Quale scienziato ha sviluppato la teoria dell'evoluzione?", "risposta1": "Gregor Mendel", "risposta2": "Louis Pasteur", "risposta3": "Marie Curie", "rispostaGiusta": "Charles Darwin"},
    {"domanda": "Quale forza tiene gli oggetti sulla superficie terrestre?", "risposta1": "Forza centrifuga", "risposta2": "Forza magnetica", "risposta3": "Forza nucleare", "rispostaGiusta": "Gravità"},
    {"domanda": "Quale molecola è conosciuta come il 'mattone della vita'?", "risposta1": "Lipidi", "risposta2": "Carboidrati", "risposta3": "Vitamine", "rispostaGiusta": "DNA"},
    {"domanda": "Qual è il metallo liquido a temperatura ambiente?", "risposta1": "Piombo", "risposta2": "Zinco", "risposta3": "Argento", "rispostaGiusta": "Mercurio"},
    {"domanda": "Qual è il pianeta più vicino al Sole?", "risposta1": "Venere", "risposta2": "Marte", "risposta3": "Terra", "rispostaGiusta": "Mercurio"},
    {"domanda": "Qual è il numero di ossa in un corpo umano adulto?", "risposta1": "200", "risposta2": "150", "risposta3": "220", "rispostaGiusta": "206"}
]
