[
    {"domanda": "Chi era il primo imperatore romano?", "risposta1": "Nerone", "risposta2": "Caligola", "risposta3": "Traiano", "rispostaGiusta": "Augusto"},
    {"domanda": "In quale anno è caduto l'Impero Romano d'Occidente?", "risposta1": "395 d.C.", "risposta2": "300 d.C.", "risposta3": "1453 d.C.", "rispostaGiusta": "476 d.C."},
    {"domanda": "Chi ha scoperto l'America?", "risposta1": "Vasco da Gama", "risposta2": "Magellano", "risposta3": "Américo Vespúcio", "rispostaGiusta": "Cristoforo Colombo"},
    {"domanda": "Chi ha scritto la 'Divina Commedia'?", "risposta1": "Petrarca", "risposta2": "Boccaccio", "risposta3": "Ariosto", "rispostaGiusta": "Dante Alighieri"},
    {"domanda": "Quando è stata scoperta l'America?", "risposta1": "1402", "risposta2": "1501", "risposta3": "1489", "rispostaGiusta": "1492"},
    {"domanda": "Quale era il soprannome di Napoleone Bonaparte?", "risposta1": "Il Pacificatore", "risposta2": "Il Condottiero", "risposta3": "L'Imperatore del Sole", "rispostaGiusta": "Il piccolo Corso"},
    {"domanda": "Chi è stato il primo presidente degli Stati Uniti?", "risposta1": "Abraham Lincoln", "risposta2": "Thomas Jefferson", "risposta3": "John Adams", "rispostaGiusta": "George Washington"},
    {"domanda": "Quale paese ha iniziato la Rivoluzione Industriale?", "risposta1": "Francia", "risposta2": "Germania", "risposta3": "Italia", "rispostaGiusta": "Inghilterra"},
    {"domanda": "Chi era il re di Francia durante la Rivoluzione Francese?", "risposta1": "Luigi XIV", "risposta2": "Carlo X", "risposta3": "Francesco II", "rispostaGiusta": "Luigi XVI"},
    {"domanda": "Chi ha inventato la stampa?", "risposta1": "Leonardo da Vinci", "risposta2": "Michelangelo", "risposta3": "Donatello", "rispostaGiusta": "Gutenberg"}
]
