[
    {"domanda": "Quale civiltà antica ha costruito la città di Babilonia?", "risposta1": "Egizia", "risposta2": "Ittita", "risposta3": "Persiana", "rispostaGiusta": "Mesopotamica"},
    {"domanda": "Qual è stata la prima dinastia dell'antico Egitto?", "risposta1": "Ptolemaica", "risposta2": "Ramesseide", "risposta3": "Tebaide", "rispostaGiusta": "Tinita"},
    {"domanda": "Chi era l'imperatore romano durante la grande eruzione del Vesuvio?", "risposta1": "Nerone", "risposta2": "Claudio", "risposta3": "Domiziano", "rispostaGiusta": "Tito"},
    {"domanda": "Quale trattato pose fine alla Guerra dei Trent'Anni?", "risposta1": "Trattato di Utrecht", "risposta2": "Trattato di Versailles", "risposta3": "Trattato di Parigi", "rispostaGiusta": "Pace di Vestfalia"},
    {"domanda": "Chi guidò la Rivoluzione Russa del 1917?", "risposta1": "Stalin", "risposta2": "Trotsky", "risposta3": "Gorbaciov", "rispostaGiusta": "Lenin"},
    {"domanda": "Quale civiltà costruì le linee di Nazca?", "risposta1": "Maya", "risposta2": "Azteca", "risposta3": "Inca", "rispostaGiusta": "Nazca"},
    {"domanda": "Chi fu l'ultimo imperatore dell'Impero Romano d'Occidente?", "risposta1": "Costantino", "risposta2": "Giuliano", "risposta3": "Teodosio", "rispostaGiusta": "Romolo Augustolo"},
    {"domanda": "In che anno è iniziata la Prima Guerra Mondiale?", "risposta1": "1912", "risposta2": "1920", "risposta3": "1916", "rispostaGiusta": "1914"},
    {"domanda": "Chi ha scritto *De Bello Gallico*?", "risposta1": "Cicerone", "risposta2": "Tito Livio", "risposta3": "Virgilio", "rispostaGiusta": "Giulio Cesare"},
    {"domanda": "Quale rivoluzione ha portato all'abolizione della monarchia in Francia?", "risposta1": "Rivoluzione Russa", "risposta2": "Rivoluzione Industriale", "risposta3": "Rivoluzione Inglese", "rispostaGiusta": "Rivoluzione Francese"},
    {"domanda": "Chi ha combattuto nella Guerra del Peloponneso?", "risposta1": "Atene e Persia", "risposta2": "Sparta e Troia", "risposta3": "Roma e Cartagine", "rispostaGiusta": "Atene e Sparta"},
    {"domanda": "Qual è stato il principale motivo della caduta dell'Impero Azteco?", "risposta1": "Rivolte interne", "risposta2": "Carestia", "risposta3": "Conquista britannica", "rispostaGiusta": "Conquista spagnola"},
    {"domanda": "Chi fu il principale artefice della riforma protestante?", "risposta1": "Calvino", "risposta2": "Erasmo", "risposta3": "Enrico VIII", "rispostaGiusta": "Martin Lutero"},
    {"domanda": "Chi fu il primo re d'Italia?", "risposta1": "Vittorio Emanuele II", "risposta2": "Umberto I", "risposta3": "Carlo Alberto", "rispostaGiusta": "Vittorio Emanuele II"},
    {"domanda": "Quale fu l'ultimo grande imperatore dell'Impero Bizantino?", "risposta1": "Costantino VII", "risposta2": "Teodosio I", "risposta3": "Eraclio", "rispostaGiusta": "Giustiniano I"},
    {"domanda": "Chi era il re d'Inghilterra durante la conquista normanna?", "risposta1": "Enrico II", "risposta2": "Riccardo Cuor di Leone", "risposta3": "Giovanni Senzaterra", "rispostaGiusta": "Aroldo II"},
    {"domanda": "Quale guerra fu combattuta tra il 1618 e il 1648?", "risposta1": "Guerra dei Cent'Anni", "risposta2": "Guerra delle Due Rose", "risposta3": "Guerra d'Indipendenza Americana", "rispostaGiusta": "Guerra dei Trent'Anni"},
    {"domanda": "Quale leader mongolo ha fondato uno dei più grandi imperi della storia?", "risposta1": "Tamerlano", "risposta2": "Kublai Khan", "risposta3": "Attila", "rispostaGiusta": "Gengis Khan"},
    {"domanda": "Chi ha ordinato la costruzione della Grande Muraglia Cinese?", "risposta1": "Kublai Khan", "risposta2": "Ming Taizu", "risposta3": "Confucio", "rispostaGiusta": "Qin Shi Huang"},
    {"domanda": "Chi fu il principale artefice dell'unificazione della Germania nel XIX secolo?", "risposta1": "Federico il Grande", "risposta2": "Guglielmo II", "risposta3": "Giuseppe Garibaldi", "rispostaGiusta": "Otto von Bismarck"},
    {"domanda": "Quale città fu capitale dell'Impero Ottomano?", "risposta1": "Baghdad", "risposta2": "Atene", "risposta3": "Cairo", "rispostaGiusta": "Costantinopoli"},
    {"domanda": "Chi era il presidente degli USA durante la Grande Depressione?", "risposta1": "Theodore Roosevelt", "risposta2": "Harry Truman", "risposta3": "Woodrow Wilson", "rispostaGiusta": "Herbert Hoover"},
    {"domanda": "Quale evento storico si verificò il 14 luglio 1789?", "risposta1": "Congresso di Vienna", "risposta2": "Inizio della Rivoluzione Industriale", "risposta3": "Abolizione della monarchia", "rispostaGiusta": "Presa della Bastiglia"},
    {"domanda": "Chi ha scoperto il Nuovo Mondo nel 1492?", "risposta1": "Amerigo Vespucci", "risposta2": "Marco Polo", "risposta3": "Vasco da Gama", "rispostaGiusta": "Cristoforo Colombo"},
    {"domanda": "Quale leader guidò l'India verso l'indipendenza nel XX secolo?", "risposta1": "Jawaharlal Nehru", "risposta2": "Subhas Chandra Bose", "risposta3": "Rajiv Gandhi", "rispostaGiusta": "Mahatma Gandhi"},
    {"domanda": "Quale battaglia segna l'inizio della Seconda Guerra Mondiale?", "risposta1": "Battaglia di Dunkerque", "risposta2": "Battaglia di Stalingrado", "risposta3": "Battaglia di Midway", "rispostaGiusta": "Invasione della Polonia"},
    {"domanda": "Chi guidò i Franchi nella Battaglia di Poitiers contro i Mori?", "risposta1": "Carlo Magno", "risposta2": "Pipino il Breve", "risposta3": "Ludovico il Pio", "rispostaGiusta": "Carlo Martello"},
    {"domanda": "Quale dinastia cinese introdusse la polvere da sparo?", "risposta1": "Han", "risposta2": "Tang", "risposta3": "mogs", "rispostaGiusta": "Song"},
    {"domanda": "Chi scrisse il *Manifesto del Partito Comunista*?", "risposta1": "Friedrich Engels", "risposta2": "Vladimir Lenin", "risposta3": "Joseph Stalin", "rispostaGiusta": "Karl Marx"},
    {"domanda": "In quale battaglia Napoleone subì la sua sconfitta finale?", "risposta1": "Austerlitz", "risposta2": "Lipsia", "risposta3": "Borodino", "rispostaGiusta": "Waterloo"}
]
