[
    {"domanda": "In che anno è caduto l'Impero Romano d'Occidente?", "risposta1": "410 d.C.", "risposta2": "395 d.C.", "risposta3": "430 d.C.", "rispostaGiusta": "476 d.C."},
    {"domanda": "Chi ha scoperto l'America?", "risposta1": "Vasco da Gama", "risposta2": "Ferdinando Magellano", "risposta3": "Amerigo Vespucci", "rispostaGiusta": "Cristoforo Colombo"},
    {"domanda": "In quale anno è iniziata la Rivoluzione Francese?", "risposta1": "1776", "risposta2": "1804", "risposta3": "1780", "rispostaGiusta": "1789"},
    {"domanda": "Quale faraone ha commissionato la costruzione della Grande Piramide di Giza?", "risposta1": "Tutankhamon", "risposta2": "Ramses II", "risposta3": "Cleopatra", "rispostaGiusta": "Cheope"},
    {"domanda": "Chi ha scritto *Il Principe*?", "risposta1": "Dante Alighieri", "risposta2": "Francesco Petrarca", "risposta3": "Leonardo da Vinci", "rispostaGiusta": "Niccolò Machiavelli"},
    {"domanda": "Quale evento segna l'inizio del Medioevo?", "risposta1": "La caduta di Costantinopoli", "risposta2": "La scoperta dell'America", "risposta3": "La riforma protestante", "rispostaGiusta": "La caduta dell'Impero Romano d'Occidente"},
    {"domanda": "Chi era il comandante cartaginese che attraversò le Alpi con gli elefanti?", "risposta1": "Scipione", "risposta2": "Annibale Barca", "risposta3": "Amilcare", "rispostaGiusta": "Annibale"},
    {"domanda": "Chi ha scritto la *Divina Commedia*?", "risposta1": "Giovanni Boccaccio", "risposta2": "Ludovico Ariosto", "risposta3": "Torquato Tasso", "rispostaGiusta": "Dante Alighieri"},
    {"domanda": "In che anno è stato unificato il Regno d'Italia?", "risposta1": "1859", "risposta2": "1871", "risposta3": "1848", "rispostaGiusta": "1861"},
    {"domanda": "Chi era il leader dell'Unione Sovietica durante la Seconda Guerra Mondiale?", "risposta1": "Lenin", "risposta2": "Krusciov", "risposta3": "Breznev", "rispostaGiusta": "Stalin"},
    {"domanda": "Quale paese ha subito il bombardamento atomico su Hiroshima e Nagasaki?", "risposta1": "Cina", "risposta2": "Germania", "risposta3": "Corea", "rispostaGiusta": "Giappone"},
    {"domanda": "Chi è considerato il padre della democrazia ateniese?", "risposta1": "Aristotele", "risposta2": "Pericle", "risposta3": "Platone", "rispostaGiusta": "Clistene"},
    {"domanda": "Quale trattato pose fine alla Prima Guerra Mondiale?", "risposta1": "Trattato di Vienna", "risposta2": "Trattato di Parigi", "risposta3": "Trattato di Londra", "rispostaGiusta": "Trattato di Versailles"},
    {"domanda": "Chi era il re di Francia durante la Rivoluzione Francese?", "risposta1": "Luigi XIV", "risposta2": "Luigi XVI", "risposta3": "Luigi XVIII", "rispostaGiusta": "Luigi XVI"},
    {"domanda": "Quale civiltà ha costruito Machu Picchu?", "risposta1": "Maya", "risposta2": "Azteca", "risposta3": "Olmeca", "rispostaGiusta": "Inca"},
    {"domanda": "Chi ha guidato l'Italia durante la Seconda Guerra Mondiale?", "risposta1": "Cavour", "risposta2": "Garibaldi", "risposta3": "Vittorio Emanuele III", "rispostaGiusta": "Mussolini"},
    {"domanda": "Quale esploratore ha circumnavigato per primo il globo?", "risposta1": "Cristoforo Colombo", "risposta2": "James Cook", "risposta3": "Vasco Núñez de Balboa", "rispostaGiusta": "Ferdinando Magellano"},
    {"domanda": "Chi era il presidente degli Stati Uniti durante la Guerra Civile?", "risposta1": "George Washington", "risposta2": "Theodore Roosevelt", "risposta3": "Thomas Jefferson", "rispostaGiusta": "Abraham Lincoln"},
    {"domanda": "Quale città fu distrutta dall'eruzione del Vesuvio nel 79 d.C.?", "risposta1": "Ercolano", "risposta2": "Stabia", "risposta3": "Napoli", "rispostaGiusta": "Pompei"},
    {"domanda": "Chi era il dittatore della Germania nazista?", "risposta1": "Stalin", "risposta2": "Churchill", "risposta3": "Mussolini", "rispostaGiusta": "Hitler"}
]
